Channel,Region,Fresh,Milk,Grocery,Frozen,Detergents_Paper,Delicatessen,pca_x,pca_y,umap_x,umap_y,ae_x,ae_y,vae_x,vae_y,Total_Spend
1,3,6137,5360,8040,129,3084,1603,-0.047588532,-0.619165192,6.3878665,7.4260616,9.057486,7.7162395,0.83869064,0.7985672,24353
2,3,8590,3045,7854,96,4095,225,-0.227325899,-0.844904082,7.571139,8.126963,11.437397,8.695029,0.80237967,0.75576615,23905
2,3,35942,38369,59598,3254,26701,2017,8.430925307,-0.592369291,3.142512,4.6281557,3.4971695,0,0.9345323,0.79509693,165881
2,3,7823,6245,6544,4154,4074,964,0.032410658,-0.175747364,5.945632,7.952786,11.558436,8.889452,0.780898,0.76232815,29804
2,3,9396,11601,15775,2896,7677,1295,1.428118183,-0.484083753,4.7456846,5.749659,4.164182,1.571766,0.79481876,0.7679913,48640
1,3,4760,1227,3250,3724,1247,1145,-0.864287286,-0.179966374,12.359782,9.313032,9.203113,9.969537,0.7912654,0.781928,15353
2,3,85,20959,45828,36,24231,1423,5.810579391,-2.45493172,3.054147,4.6819415,4.1495976,0,0.9302731,0.98901933,92562
1,3,9,1534,7417,175,3468,27,-0.483729921,-1.205705174,6.769001,8.492825,10.402294,8.537769,0.85807824,0.80717677,12630
2,3,19913,6759,13462,1256,5141,834,0.61447085,-0.216945804,7.887932,6.1272197,6.61087,4.3760877,0.7823075,0.6936624,47365
1,3,2446,7260,3993,5870,788,3095,-0.238768151,0.424116869,12.928915,9.074556,4.463707,5.308579,0.7922045,0.7748187,23452
1,3,8352,2820,1293,779,656,144,-1.041265623,-0.500508207,10.012773,9.069511,12.422918,13.411508,0.8302795,0.81423724,14044
1,3,16705,2037,3202,10643,116,1365,-0.804605382,1.301285051,14.272419,7.2700386,0,9.584908,0.85399204,0.8550598,34068
1,3,18291,1266,21042,5373,4173,14472,1.801281759,2.548620577,8.852987,5.810632,0,0,1.2114878,0.9965303,64617
1,3,4420,5139,2661,8872,1321,181,-0.634348913,0.331457372,13.738142,8.421237,13.940916,14.291968,0.8642502,0.79956573,22594
2,3,19899,5332,8713,8132,764,648,-0.228969665,0.907520754,13.926563,7.1794543,0.27189857,12.454382,0.7957778,0.80922455,43488
2,3,8190,6343,9794,1285,1901,1780,0.030648584,-0.308468361,6.584103,7.2770658,5.308195,5.181446,0.8326057,0.7958149,29293
1,3,20398,1137,3,4407,3,975,-1.167109428,0.644842223,11.439867,6.3751245,7.7404704,13.103211,0.83057374,0.7951739,26923
1,3,717,3587,6532,7530,529,894,-0.567920318,0.100522067,13.466339,8.778391,8.092099,8.926007,0.8551365,0.78139174,19789
2,3,12205,12697,28540,869,12034,1009,2.752948664,-1.09100296,3.315146,5.2345066,5.196744,0,0.8731954,0.814097,67354
1,3,10766,1175,2067,2096,301,167,-1.132441299,-0.240935458,10.823988,8.811718,12.754479,13.55553,0.83313614,0.81940126,16572
1,3,1640,3259,3655,868,1202,1653,-0.690393825,-0.560343274,8.379685,9.780885,6.8671217,7.783968,0.8510309,0.79713833,12277
1,3,7005,829,3009,430,610,529,-1.063340331,-0.578287112,9.854295,9.472557,11.009066,11.7649145,0.85526097,0.79876983,12412
2,3,219,9540,14403,283,7818,156,1.048948626,-1.410549143,4.662019,6.7539034,4.7958865,2.0783935,0.8392422,0.85079956,32419
2,3,10362,9232,11009,737,3537,2342,0.558090721,-0.25997062,6.3533416,6.9448414,3.8286085,3.0213685,0.8584403,0.8051356,37219
1,3,20874,1563,1783,2320,550,772,-1.00230822,0.313410473,11.066984,6.2757587,8.016022,13.734033,0.8256306,0.79096633,27862
2,3,11867,3327,4814,1178,3837,120,-0.408430512,-0.526562579,7.766826,8.011473,15.008038,11.899281,0.7639831,0.7569221,25143
2,3,16117,46197,92780,1026,40827,2944,12.65300208,-2.715205909,3.0996754,4.589378,2.3114374,0,1.0658715,0.9832893,199891
2,3,22925,73498,32114,987,20070,903,8.420988796,-0.446857768,3.184801,4.5584936,5.342982,0,1.0641357,1.0211908,150497
1,3,43265,5025,8117,6312,1579,14351,1.075685457,4.0693418,8.960182,5.73201,0.3373441,2.6497033,0.9458202,0.975796,78649
1,3,7864,542,4042,9735,165,46,-1.014288901,0.548845305,13.956337,8.215402,11.900704,12.4909315,0.87146115,0.8467983,22394
1,3,24904,3836,5330,3443,454,3178,-0.390899637,1.030246392,9.95319,5.939926,2.1399345,5.6250887,0.860084,0.8456737,41145
1,3,11405,596,1638,3347,69,360,-1.195747638,-0.009482585,11.41675,8.728022,12.149059,13.176534,0.84739757,0.8103757,17415
1,3,12754,2762,2530,8693,627,1117,-0.789025937,0.837102896,14.048536,7.760536,9.094667,10.748468,0.841468,0.82311296,28483
2,3,9198,27472,32034,3232,18906,5130,5.228908865,-0.436535292,3.0625672,4.6542263,1.1474062,0,0.85627717,0.88296545,95972
1,3,11314,3090,2062,35009,71,2698,-0.444900634,4.417973551,14.72537,7.181907,0,4.76781,1.0382627,0.93033,54244
2,3,5626,12220,11323,206,5038,244,0.764217944,-0.951920503,5.0908437,6.544192,3.2034342,1.7444332,0.883418,0.86509806,34657
1,3,3,2920,6252,440,223,709,-0.763178962,-0.843001677,8.038946,10.051647,8.074098,8.624792,0.8540656,0.8054363,10547
2,3,23,2616,8118,145,3874,217,-0.297668139,-1.195233624,6.6605396,8.348067,9.704756,7.414602,0.8526509,0.8113091,14993
1,3,403,254,610,774,54,63,-1.376225206,-0.834000562,8.937068,11.174159,12.72747,13.391147,0.8671268,0.81858706,2158
1,3,503,112,778,895,56,132,-1.368534763,-0.806512603,8.945835,11.16341,12.676638,13.328916,0.8641715,0.8170683,2476
1,3,9658,2182,1909,5639,215,323,-1.03011679,0.205711023,13.392134,8.456418,12.276026,13.064836,0.84098554,0.805102,19926
2,3,11594,7779,12144,3252,8035,3029,1.129468731,-0.043400413,5.0488257,6.001512,5.3827667,2.7243767,0.7516016,0.73525345,45833
2,3,1420,10810,16267,1593,6766,1838,1.301809931,-0.852134817,4.4742455,6.231381,4.43239,1.7010176,0.7994056,0.83269525,38694
2,3,2932,6459,7677,2561,4573,1386,0.178695999,-0.547184421,6.0148134,7.88455,10.018629,7.092728,0.7998167,0.7921145,25588
1,3,56082,3504,8906,18028,1480,2498,0.120734868,3.936260523,11.5970125,4.349708,0,5.516831,0.9330915,0.89861685,90498
1,3,14100,2132,3445,1336,1491,548,-0.803565636,-0.203402017,10.363959,7.820461,10.38588,12.968407,0.81042737,0.7929462,23052
1,3,15587,1014,3970,910,139,1378,-0.936125947,0.005368742,10.721844,7.3586407,6.8643527,9.550551,0.849434,0.81569237,22998
2,3,1454,6337,10704,133,6830,1831,0.623040753,-1.004289933,5.1224427,7.324374,8.9938345,5.0827656,0.8132996,0.8340763,27289
2,3,8797,10646,14886,2471,8969,1438,1.458196408,-0.603429147,4.7845607,5.887267,4.5188513,1.8728149,0.78609586,0.7701384,47207
2,3,1531,8397,6981,247,2505,1236,-0.001133958,-0.780875497,6.4840827,8.229195,4.1159573,4.2991047,0.8715146,0.85379416,20897
2,3,1406,16729,28986,673,836,3,1.660742237,-1.108311347,4.247107,5.7416387,2.0411506,0.7284254,1.0509614,0.9726029,48633
1,3,11818,1648,1694,2276,169,1647,-0.99930503,0.108779807,10.917859,8.251941,6.907178,8.094206,0.84383273,0.79319555,19252
2,3,12579,11114,17569,805,6457,1519,1.369544477,-0.542280362,4.8749127,5.8242073,4.6036844,1.3136873,0.81704956,0.77956885,50043
1,3,19046,2770,2469,8853,483,2708,-0.645241037,1.413740853,14.076268,7.2325974,0,5.0878115,0.84087265,0.84436023,36329
1,3,14438,2295,1733,3220,585,1561,-0.88989243,0.306280024,10.911242,6.999311,7.1444087,9.402396,0.82731843,0.7889321,23832
1,3,18044,1080,2000,2555,118,1266,-1.038063132,0.327554663,11.073293,6.6985035,7.0539446,11.012249,0.8431195,0.81976414,25063
1,3,11134,793,2988,2715,276,610,-1.060473077,-0.085376243,11.207197,8.67901,10.958542,11.802448,0.8326217,0.80562425,18516
1,3,11173,2521,3355,1517,310,222,-0.953151804,-0.292189943,10.29273,8.508504,12.232868,13.064795,0.8381336,0.8164401,19098
1,3,6990,3880,5380,1647,319,1160,-0.658070528,-0.299029855,8.786354,9.059014,8.108643,8.953074,0.8386763,0.7958877,19376
1,3,20049,1891,2362,5343,411,933,-0.915410619,0.691065777,11.533898,6.440709,8.011678,13.287546,0.81009245,0.7900542,30989
1,3,8258,2344,2147,3896,266,635,-0.993346767,-0.021237753,11.8046055,8.960811,10.886621,11.786811,0.8214992,0.8029113,17546
1,3,17160,1200,3412,2417,174,1136,-0.952507661,0.22656874,11.042132,6.7918496,7.589067,11.320931,0.82893413,0.81982905,25499
1,3,4020,3234,1498,2395,264,255,-1.031149146,-0.435439795,9.295423,9.780643,11.903632,12.796297,0.82127714,0.8182973,11666
1,3,12212,201,245,1991,25,860,-1.282463934,-0.03785641,11.072301,8.188609,9.685101,11.168054,0.854388,0.8079302,15534
2,3,11170,10769,8814,2194,1976,143,0.181958024,-0.301364068,6.889999,7.052778,3.065049,3.2264924,0.81511724,0.8119782,35066
1,3,36050,1642,2961,4787,500,1621,-0.777830758,1.396010549,10.978014,4.9617405,2.892991,8.485855,0.8339632,0.8036796,47561
1,3,76237,3473,7102,16538,778,918,-0.159311412,4.372938877,11.5682125,4.3114376,0,11.04619,0.9685145,0.93190277,105046
1,3,19219,1840,1658,8195,349,483,-0.981723045,0.948934097,14.089916,7.3620563,9.144182,14.237257,0.82400954,0.7992314,31744
2,3,21465,7243,10685,880,2386,2749,0.333777019,0.339134473,8.461938,6.215716,3.5910997,6.619805,0.87470126,0.8007332,45408
1,3,140,8847,3823,142,1062,3,-0.441489135,-0.9419275,7.493544,9.435294,3.9953482,4.291145,0.91911733,0.9231757,14017
1,3,42312,926,1510,1718,410,1819,-0.923348259,1.325343705,10.867232,4.647921,3.6775405,8.468787,0.8522639,0.8114637,48695
1,3,7149,2428,699,6316,395,911,-1.014489122,0.303200146,13.495155,8.594646,10.661119,11.5877495,0.84486,0.79598737,17898
1,3,2101,589,314,346,70,310,-1.344621791,-0.765305342,9.006093,11.201427,12.023055,12.842949,0.8653725,0.8094758,3730
1,3,14903,2032,2479,576,955,328,-0.956375734,-0.262563207,10.523848,7.6930985,10.751923,13.9455185,0.8436194,0.81243694,21273
1,3,9434,1042,1235,436,256,396,-1.20005979,-0.45115186,10.157606,9.155557,11.679607,12.561705,0.851217,0.8166443,12799
1,3,7388,1882,2174,720,47,537,-1.096222114,-0.469389464,9.945127,9.382722,10.922726,11.78915,0.85014397,0.8070214,12748
1,3,6300,1289,2591,1170,199,326,-1.114684406,-0.51715214,9.979599,9.559253,11.847915,12.604948,0.84888184,0.80904853,11875
1,3,4625,8579,7030,4575,2447,1542,0.091836871,-0.046815627,5.848203,7.773183,4.0530763,4.427026,0.8017044,0.7732909,28798
1,3,3087,8080,8282,661,721,36,-0.246988955,-0.806443012,7.3696837,9.068146,4.385541,4.415835,0.85414785,0.84962636,20867
1,3,13537,4257,5034,155,249,3271,-0.466533316,0.177675603,8.564138,7.127076,3.985639,5.780302,0.9509649,0.84975475,26503
1,3,5387,4979,3343,825,637,929,-0.698988004,-0.484281616,8.411068,9.2599535,8.219096,9.122975,0.8320273,0.79379857,16100
1,3,17623,4280,7305,2279,960,2616,-0.26587306,0.426141593,8.72747,6.489071,4.132267,6.63106,0.86810875,0.8023281,35063
1,3,30379,13252,5189,321,51,1450,0.083409369,0.686186493,9.468292,5.705403,4.7943764,10.585811,0.9219942,0.9185736,50642
1,3,37036,7152,8253,2995,20,3,-0.261167046,0.92814867,10.727128,5.004324,7.988232,18.523413,0.7809835,0.875028,55459
1,3,10405,1596,1096,8425,399,318,-1.070359354,0.583272609,13.885406,8.214603,12.360283,13.25312,0.86338234,0.81928915,22239
1,3,18827,3677,1988,118,516,201,-0.917999064,-0.129403852,10.486607,7.2794185,9.989538,15.245565,0.88889056,0.84245193,25327
2,3,22039,8384,34792,42,12591,4430,3.206377545,-0.34668003,3.4178584,5.131523,1.1853423,0,0.9577061,0.9023069,82278
1,3,7769,1936,2177,926,73,520,-1.087083668,-0.431372635,9.994441,9.344907,11.017204,11.887226,0.84498894,0.8080737,13401
1,3,9203,3373,2707,1286,1082,526,-0.823046631,-0.371011035,9.926006,8.791927,10.795673,11.77819,0.8119699,0.79315406,18177
1,3,5924,584,542,4052,283,434,-1.243494386,-0.131153986,12.111506,9.251085,12.126556,12.880442,0.83800817,0.81108564,11819
1,3,31812,1433,1651,800,113,1440,-0.990261893,0.72245419,10.884608,5.3660336,4.6614747,10.364203,0.8986693,0.8173073,37249
1,3,16225,1825,1765,853,170,1067,-1.033034036,0.010601576,10.711163,7.3545947,7.8953485,11.11847,0.8630586,0.8189347,21905
1,3,1289,3328,2022,531,255,1774,-0.888105702,-0.519172105,8.288766,9.89326,6.6198435,7.5767865,0.8798292,0.81209946,9199
1,3,18840,1371,3135,3001,352,184,-1.008437597,0.196645053,11.3129,6.5212984,10.866663,16.389511,0.81463593,0.7933365,26883
1,3,3463,9250,2368,779,302,1627,-0.426657017,-0.364404282,7.409327,9.362432,3.8847308,4.322907,0.89420605,0.87524825,17789
1,3,622,55,137,75,7,8,-1.436709618,-0.915254815,9.013555,11.275773,12.9323,13.654679,0.88514525,0.8239986,904
2,3,1989,10690,19460,233,11577,2153,2.057403589,-1.251743311,3.6496582,5.780935,6.4684267,0.79877234,0.8124213,0.8494897,46102
2,3,3830,5291,14855,317,6694,3182,0.912612763,-0.708377614,5.1486526,7.346866,7.6663694,4.188753,0.83012795,0.8397242,34169
1,3,17773,1366,2474,3378,811,418,-0.975250597,0.226980877,11.267688,6.5822196,10.086168,14.931845,0.8076527,0.78020024,26220
2,3,2861,6570,9618,930,4004,1682,0.248473967,-0.700896498,6.0274987,7.5732846,7.8019233,5.720158,0.83745015,0.82672065,25665
2,3,355,7704,14682,398,8077,303,0.974702269,-1.402944292,4.5396953,6.8427753,5.7880473,2.7087104,0.8232204,0.8405287,31519
2,3,1725,3651,12822,824,4424,2157,0.313492363,-0.781460117,5.6345987,7.379445,6.9071956,4.8173532,0.82869864,0.8246051,25603
1,3,12434,540,283,1092,3,2233,-1.14513727,0.108271213,9.712064,8.045057,5.5135074,7.1591134,0.88355374,0.8054126,16585
1,3,15177,2024,3810,2665,232,610,-0.911158306,0.080873249,11.194594,6.9873433,10.440018,13.742253,0.8255002,0.81112033,24518
2,3,5531,15726,26870,2367,13726,446,3.013393494,-1.31265367,3.3298965,5.226418,4.7132373,0,0.85679334,0.82128257,64666
2,3,5224,7603,8584,2540,3674,238,0.121281411,-0.612405995,5.9991713,7.977603,4.3332214,3.8894618,0.8011983,0.7947835,27863
2,3,15615,12653,19858,4425,7108,2379,1.822466225,0.142106514,4.8137383,5.7537065,3.6734788,0.80478424,0.80392706,0.7644758,62038
2,3,4822,6721,9170,993,4973,3637,0.523845001,-0.304405244,6.0813856,7.20738,8.425673,5.7120523,0.7975715,0.78212965,30316
1,3,2926,3195,3268,405,1680,693,-0.748948884,-0.757183756,8.233401,9.505138,10.006159,10.9001875,0.8271862,0.77833736,12167
1,3,5809,735,803,1393,79,429,-1.268803476,-0.463425024,10.2115,9.834745,11.655512,12.5064,0.8421261,0.8167185,9248
1,3,5414,717,2155,2399,69,750,-1.151165568,-0.31613471,11.203632,9.592039,10.434097,11.1884985,0.83009624,0.8053372,11504
2,3,260,8675,13430,1116,7015,323,0.85677944,-1.225685803,4.673478,6.804514,5.130253,2.4183016,0.82658595,0.8352077,30819
2,3,200,25862,19816,651,8773,6250,3.238021096,-0.224516314,4.1494184,5.1150107,1.2221656,0,0.9143728,0.8853856,61552
1,3,955,5479,6536,333,2840,707,-0.253215825,-0.932817902,6.669111,8.402368,9.548082,8.817562,0.84374225,0.8210958,16850
2,3,514,7677,19805,937,9836,716,1.53065864,-1.427847813,3.9364812,6.200629,8.192731,1.4303026,0.8391347,0.8708294,39485
1,3,286,1208,5241,2515,153,1442,-0.871955289,-0.438404282,8.515794,10.15424,7.7698946,8.513839,0.85132545,0.8153308,10845
2,3,2343,7845,11874,52,4196,1697,0.49283839,-0.86116421,5.582805,7.172251,4.563278,3.2843146,0.8740147,0.85414326,28007
1,3,45640,6958,6536,7368,1532,230,-0.110695134,1.822800086,11.289569,4.4762263,3.6196287,14.908579,0.7887199,0.85218495,68264
1,3,12759,7330,4533,1752,20,2631,-0.338538928,0.286574147,8.279955,6.8842497,4.751704,6.513318,0.873732,0.8504882,29025
1,3,11002,7075,4945,1152,120,395,-0.530429936,-0.277292792,9.410262,8.651011,7.8230877,8.361188,0.82166064,0.8157459,24689
1,3,3157,4888,2500,4477,273,2165,-0.658995145,0.135583774,12.696306,9.279232,5.671115,6.7704926,0.8461348,0.8018135,17460
1,3,12356,6036,8887,402,1382,2794,-0.01285137,-0.025870922,8.283745,6.7901816,4.5267572,6.229,0.9092684,0.83649635,31857
1,3,112151,29627,18148,16745,4948,8550,3.726959465,7.167538562,11.476645,4.3673306,0,0,0.74637616,0.97579384,190169
1,3,694,8533,10518,443,6907,156,0.635763088,-1.273276309,4.8230734,6.891632,4.867638,2.5485444,0.857314,0.8506936,27251
1,3,36847,43950,20170,36534,239,47943,7.79794031,13.94908418,8.833119,5.6772895,0,0,0.77325916,1.0589337,185683
1,3,327,918,4710,74,334,11,-1.056911424,-1.005339735,8.687811,11.047754,10.07366,10.429213,0.8785838,0.8015283,6374
1,3,8170,6448,1139,2181,58,247,-0.828007893,-0.237595195,9.460106,8.871796,9.492482,10.368085,0.83941936,0.83860075,18243
1,3,3009,521,854,3470,949,727,-1.1425616,-0.315098494,12.174562,9.445564,11.043066,11.713786,0.8010192,0.8010279,9530
1,3,2438,8002,9819,6269,3459,3,0.210541231,-0.303806985,5.7332015,7.904318,4.234892,3.5488908,0.86396205,0.7779739,29990
2,3,8040,7639,11687,2758,6839,404,0.70442771,-0.654502548,5.103661,6.706375,5.1461167,2.8155074,0.7867228,0.7737935,37367
2,3,834,11577,11522,275,4027,1856,0.739118626,-0.811077013,5.520264,6.7725496,3.0844133,2.2180526,0.9256902,0.8799325,30091
1,3,16936,6250,1981,7332,118,64,-0.716378611,0.726901147,13.89762,7.3358784,10.978499,15.572463,0.8169844,0.82685685,32681
1,3,13624,295,1381,890,43,84,-1.279453016,-0.273925739,10.774405,7.8188515,12.564015,15.312027,0.8608838,0.8309003,16317
1,3,5509,1461,2251,547,187,409,-1.126030556,-0.606069982,9.935568,9.654699,11.409887,12.2184105,0.8586595,0.80275553,10364
2,3,180,3485,20292,959,5618,666,0.759165167,-1.276714122,4.2751803,6.644238,9.220897,3.0342157,0.8766479,0.8402915,31200
1,3,7107,1012,2974,806,355,1142,-1.022888371,-0.400633986,9.653334,9.116801,8.486411,9.406249,0.8494459,0.8025892,13396
1,3,17023,5139,5230,7888,330,1755,-0.420393398,1.029405766,13.917484,7.379618,0,8.312823,0.8134644,0.8187765,37365
1,1,30624,7209,4897,18711,763,2876,0.021617446,3.168049217,14.503284,6.9511633,0,4.4734774,0.8972874,0.8703655,65080
2,1,2427,7097,10391,1127,4314,1468,0.352040315,-0.755069461,5.754361,7.338537,4.9959326,3.6033914,0.83323956,0.8299171,26824
1,1,11686,2154,6824,3527,592,697,-0.671218861,-0.004993582,11.03716,8.663843,10.503044,11.941854,0.8028614,0.79919887,25480
1,1,9670,2280,2112,520,402,347,-1.040817387,-0.446826247,9.986701,9.008951,11.688131,12.605445,0.841839,0.8075154,15331
2,1,3067,13240,23127,3941,9959,731,2.200603448,-0.934751045,3.8324552,5.478171,4.956357,0,0.8479887,0.81185055,54065
2,1,4484,14399,24708,3549,14235,1681,2.959925735,-0.995325615,3.288191,5.293723,4.5453405,0,0.8485959,0.8267284,63056
1,1,25203,11487,9490,5065,284,6854,0.751785893,1.936592731,8.953941,5.8977103,0.53715384,1.9994731,0.8657616,0.8636086,58383
1,1,583,685,2216,469,954,18,-1.149251262,-0.941068765,8.839189,11.116077,11.5820875,12.173322,0.86489344,0.8042656,4925
1,1,1956,891,5226,1383,5,1328,-0.929705688,-0.527132107,8.538656,10.106888,8.14372,8.916181,0.86854714,0.8108494,10789
2,1,1107,11711,23596,955,9265,710,1.996184097,-1.384103493,3.8455455,5.691162,5.829544,0.48086798,0.8496245,0.86630297,47344
1,1,6373,780,950,878,288,285,-1.248662887,-0.543506296,10.1611595,9.7844515,12.173632,13.018624,0.8474427,0.81922996,9554
2,1,2541,4737,6089,2946,5316,120,-0.068975334,-0.776404745,6.1070237,8.034495,14.168276,9.66443,0.8190699,0.8186161,21749
1,1,1537,3748,5838,1859,3381,806,-0.334659803,-0.736190192,6.6910625,8.41833,12.108301,10.1669,0.79462713,0.78907824,17169
2,1,5550,12729,16767,864,12420,797,2.039993983,-1.246831417,3.6362655,5.587226,5.1498957,0.22403228,0.8141355,0.796512,49127
1,1,18567,1895,1393,1801,244,2100,-0.932880789,0.415426911,10.632623,6.540732,4.5976696,7.497891,0.88442254,0.8182493,26000
2,1,12119,28326,39694,4736,19410,2870,5.643833221,-0.664664295,3.0914295,4.611326,2.2471921,0,0.91197836,0.8536217,107155
1,1,7291,1012,2062,1291,240,1775,-1.030162971,-0.198304256,9.446224,8.399105,6.6795287,7.788566,0.8499576,0.80274636,13671
1,1,3317,6602,6861,1329,3961,1215,0.042176979,-0.670036874,6.184218,7.8944054,10.740037,8.191137,0.81355727,0.8134795,23285
2,1,2362,6551,11364,913,5957,791,0.498072006,-1.015128665,5.2065735,7.2518506,5.6366634,3.5783076,0.81283516,0.818498,27938
1,1,2806,10765,15538,1374,5828,2388,1.196885501,-0.662392144,4.6555023,6.281137,3.8559334,2.3038077,0.81462425,0.8275732,38699
2,1,2532,16599,36486,179,13308,674,3.603445197,-1.788728241,3.2102377,5.1299143,4.37263,0,0.9279129,0.9151643,69778
1,1,18044,1475,2046,2532,130,1158,-1.014442794,0.308429167,11.003821,6.660288,7.426746,11.482245,0.8451049,0.8184865,25385
2,1,18,7504,15205,1285,4797,6372,1.157971007,-0.053421482,6.009606,7.041559,0.798913,0.82734257,0.9022019,0.85327584,35181
1,1,4155,367,1390,2306,86,130,-1.281761158,-0.48453416,9.674921,10.147361,12.92641,13.637999,0.8392177,0.8232645,8434
1,1,14755,899,1382,1765,56,749,-1.161448238,0.008772894,10.935299,7.7116127,9.720369,12.558632,0.85298234,0.8168305,19606
1,1,5396,7503,10646,91,4167,239,0.271331755,-0.97304055,5.832667,7.404618,4.7065024,3.5119565,0.832849,0.8201983,28042
1,1,5041,1115,2856,7496,256,375,-1.037982583,0.227355525,13.756539,8.479746,11.901398,12.564952,0.85422355,0.813048,17139
2,1,2790,2527,5265,5612,788,1360,-0.665851294,0.022443686,12.864484,9.160577,8.158739,8.976996,0.8138426,0.7748682,18342
1,1,7274,659,1499,784,70,659,-1.214138477,-0.448890266,10.240092,9.625573,10.647202,11.489082,0.8529456,0.80880064,10945
1,1,12680,3243,4157,660,761,786,-0.75300691,-0.264660104,10.191828,8.076377,9.450735,11.166253,0.8391346,0.79566574,22287
2,1,20782,5921,9212,1759,2568,1553,0.068476367,0.20532241,8.357516,6.3419194,5.1339636,9.071632,0.8099147,0.76111895,41795
1,1,4042,2204,1563,2286,263,689,-1.066222216,-0.38314436,9.356855,9.904348,10.601525,11.461492,0.81587344,0.8062117,11047
1,1,1869,577,572,950,4762,203,-0.793096723,-0.973577992,6.9214573,8.701244,21.487383,16.049307,0.80353045,0.8280113,8933
1,1,8656,2746,2501,6845,694,980,-0.829773834,0.405043693,13.592341,8.318127,9.985724,10.944327,0.83733565,0.7935357,22422
2,1,11072,5989,5615,8321,955,2137,-0.243952169,0.87384039,13.816559,7.632029,0,6.9082537,0.8115382,0.7836726,34089
1,1,2344,10678,3828,1439,1566,490,-0.183563357,-0.60558545,7.3542414,9.33356,3.1607103,3.4056203,0.89977175,0.9030449,20345
1,1,25962,1780,3838,638,284,834,-0.886512945,0.310182691,10.721147,5.809615,6.1114492,13.151033,0.8543699,0.80630803,33336
1,1,964,4984,3316,937,409,7,-0.821760121,-0.807341615,7.850609,9.75127,9.6234455,10.282291,0.8552847,0.837696,10617
1,1,15603,2703,3833,4260,325,2563,-0.658134353,0.651635962,10.683936,6.6657763,4.4324884,6.6703644,0.83574516,0.8056848,29287
1,1,1838,6380,2824,1218,1216,295,-0.624230856,-0.703772988,7.75385,9.613436,8.383394,9.129412,0.8533305,0.84932804,13771
1,1,8635,820,3047,2312,415,225,-1.085589073,-0.317576703,10.845464,8.974324,12.479557,13.157282,0.83587736,0.8125972,15454
1,1,18692,3838,593,4634,28,1215,-0.9107085,0.665173675,11.540881,6.447076,7.0870714,11.37337,0.83050436,0.81275344,29000
1,1,7363,475,585,1112,72,216,-1.318633751,-0.471234355,10.2746725,9.745864,12.547684,13.381688,0.8485251,0.82495856,9823
1,1,47493,2567,3779,5243,828,2253,-0.522276217,2.025089175,11.2072935,4.523542,1.7933588,6.3932204,0.8330702,0.8208853,62163
1,1,22096,3575,7041,11422,343,2564,-0.298084915,1.785491405,14.313002,7.061197,0,5.4201727,0.8563565,0.8733587,47041
1,1,24929,1801,2475,2216,412,1047,-0.921434115,0.518413371,11.009884,5.7757964,5.9515233,12.358018,0.83354306,0.79157937,32880
1,1,18226,659,2914,3752,586,578,-1.006988545,0.31900741,11.299155,6.611908,9.301712,14.140319,0.8091343,0.7901711,26715
1,1,11210,3576,5119,561,1682,2398,-0.427302385,-0.110441282,8.726651,7.605327,5.259401,6.628909,0.8530782,0.7969208,24546
1,1,6202,7775,10817,1183,3143,1970,0.350993039,-0.436547615,6.286221,7.14903,4.435873,3.5527153,0.8439157,0.8144783,31090
2,1,3062,6154,13916,230,8933,2784,1.138400664,-0.918486435,5.019048,7.269119,11.094528,5.0243998,0.7941438,0.81816566,35079
1,1,8885,2428,1777,1777,430,610,-1.013268227,-0.268775706,10.229551,8.938577,10.77234,11.739174,0.81524515,0.80476224,15907
1,1,13569,346,489,2077,44,659,-1.266893814,-0.009421546,11.039292,8.027524,10.355198,12.646009,0.8571861,0.8141761,17184
1,1,15671,5279,2406,559,562,572,-0.742038216,-0.130120142,10.30851,7.566658,9.143692,12.493467,0.86154526,0.8264569,25049
1,1,8040,3795,2070,6340,918,291,-0.820950281,0.198777449,13.528495,8.547259,13.256003,13.8762665,0.82905126,0.8048935,21454
1,1,3191,1993,1799,1730,234,710,-1.077667967,-0.489495737,9.17738,10.143097,10.44083,11.26535,0.83076763,0.7969353,9657
2,1,6134,23133,33586,6746,18594,5121,4.992727661,-0.179336238,3.1182997,4.579817,0.44929343,0,0.86725825,0.8652923,93314
1,1,6623,1860,4740,7683,205,1693,-0.750100817,0.535097121,13.893171,8.339117,6.970294,8.078795,0.8293834,0.80492103,22804
1,1,29526,7961,16966,432,363,1391,0.43985214,0.396310543,8.240409,6.00407,4.924817,10.783683,0.9320094,0.86049306,56639
1,1,10379,17972,4748,4686,1547,3265,0.716275749,0.705364876,6.321552,6.5293684,0.56606704,1.4902914,0.8390071,0.82138133,42597
1,1,31614,489,1495,3242,111,615,-1.11754233,0.866203405,10.941269,5.3362017,6.363156,14.860716,0.831414,0.81131196,37566
1,1,11092,5008,5249,453,392,373,-0.642402859,-0.408159437,9.653229,8.564641,9.785645,10.4459095,0.84669924,0.80162656,22567
1,1,8475,1931,1883,5004,3593,987,-0.613211952,0.011609145,12.974966,8.8467865,15.990248,12.942105,0.7836008,0.76350844,21873
1,1,56083,4563,2124,6422,730,3321,-0.351075599,2.777095142,11.349999,4.4372454,0.628674,4.9310036,0.8403981,0.8509435,73243
1,1,53205,4959,7336,3012,967,818,-0.243173128,1.69049513,11.26496,4.428409,6.234068,14.182143,0.830925,0.78604555,70297
1,1,9193,4885,2157,327,780,548,-0.787811357,-0.446673914,9.561333,8.735364,9.471539,10.388026,0.83684635,0.7959253,17890
1,1,7858,1110,1094,6818,49,287,-1.175085663,0.282013707,13.511623,8.414336,12.625067,13.319758,0.8580189,0.8138018,17216
1,1,23257,1372,1677,982,429,655,-1.053203355,0.229348892,10.856073,5.926182,7.4661703,14.237897,0.85518324,0.8078988,28372
1,1,2153,1115,6684,4324,2894,411,-0.540592596,-0.487040075,12.623338,9.260222,10.382555,9.54539,0.81551087,0.78808177,17581
2,1,1073,9679,15445,61,5980,1265,1.009533156,-1.120305855,4.54684,6.492322,4.169699,2.5074883,0.8707144,0.8612677,33503
1,1,5909,23527,13699,10155,830,3636,1.66596968,1.237723153,6.2121797,6.416072,0.16639116,0.6515579,0.7964359,0.79815906,57756
2,1,572,9763,22182,2221,4882,2563,1.436058947,-0.680512545,4.362413,6.0596232,5.7219954,1.6807201,0.8684373,0.870262,42183
1,1,20893,1222,2576,3975,737,3628,-0.687920164,1.007964059,10.134636,6.1076818,2.9560323,5.513032,0.8408763,0.855868,33031
2,1,11908,8053,19847,1069,6374,698,1.200679204,-0.749139115,4.916388,5.9687533,6.236209,1.9115293,0.84537864,0.7949035,47949
1,1,15218,258,1138,2516,333,204,-1.230439946,0.006918633,11.128325,7.764255,11.856458,15.552187,0.837205,0.796883,19667
1,1,4720,1032,975,5500,197,56,-1.216023815,-0.063596718,13.089295,8.783329,13.733285,14.364776,0.8539214,0.8226031,12480
1,1,2083,5007,1563,1120,147,1550,-0.815266593,-0.420042943,8.111168,9.79934,7.2354174,8.19948,0.8667686,0.8197291,11470
1,1,514,8323,6869,529,93,1040,-0.309085648,-0.692755039,7.335383,9.221342,4.2567234,4.6309505,0.88484657,0.861405,17368
1,3,36817,3045,1493,4802,210,1824,-0.776394129,1.520252813,11.020059,4.86353,2.4818842,7.5610394,0.85015893,0.8084375,48191
1,3,894,1703,1841,744,759,1153,-1.015164869,-0.66254159,8.504834,10.248685,8.801871,9.663793,0.8497239,0.7908291,7094
1,3,680,1610,223,862,96,379,-1.264967554,-0.735766681,8.83352,11.037686,11.690268,12.512477,0.85148185,0.8048268,3850
1,3,27901,3749,6964,4479,603,2503,-0.318936058,1.131153093,10.223597,5.5265102,2.032833,6.177407,0.84641707,0.83753526,46199
1,3,9061,829,683,16919,621,139,-1.057403338,1.551614325,14.844235,7.3837476,0,14.966367,0.9055089,0.8436738,28252
1,3,11693,2317,2543,5845,274,1409,-0.869691472,0.499712733,13.557908,8.071144,8.56242,9.894479,0.81858826,0.79247016,24081
2,3,17360,6200,9694,1293,3620,1721,0.238008199,-0.027005995,8.186616,6.374464,5.238354,8.101533,0.8029043,0.7416446,39888
1,3,3366,2884,2431,977,167,1104,-0.95350663,-0.502665041,8.490031,9.848993,8.763535,9.640128,0.8528859,0.79529357,10929
2,3,12238,7108,6235,1093,2328,2079,-0.042664183,-0.069466718,8.039545,6.807653,5.61971,6.917902,0.81876427,0.78073883,31081
1,3,49063,3965,4252,5970,1041,1404,-0.427447332,2.027455486,11.258576,4.459459,2.5053337,9.223353,0.8298074,0.80608445,65695
1,3,25767,3613,2013,10303,314,1384,-0.708965457,1.665994999,14.125936,6.97876,0,9.596852,0.85449445,0.83639103,43394
1,3,68951,4411,12609,8692,751,2406,0.266801105,3.273018715,11.44056,4.389836,0,5.8123326,0.85546374,0.8787375,97820
1,3,40254,640,3600,1042,436,18,-0.98708044,0.794971312,10.851219,4.595406,7.9815173,17.658615,0.8370544,0.80452025,45990
1,3,7149,2247,1242,1619,1226,128,-1.017712148,-0.483983811,10.293398,9.242393,12.741539,13.690447,0.80855316,0.81257755,13611
1,3,15354,2102,2828,8366,386,1027,-0.849979245,0.889310373,14.101691,7.5016217,8.444798,11.344725,0.8288965,0.8204157,30063
1,3,16260,594,1296,848,445,258,-1.192353585,-0.154779662,10.767072,7.649524,10.967337,15.166728,0.84896487,0.815851,19701
1,3,42786,286,471,1388,32,22,-1.238139915,1.010929562,10.913944,4.5321984,8.123571,18.12155,0.88328713,0.85850394,44985
1,3,2708,2160,2642,502,965,1522,-0.872581534,-0.569403833,8.471022,9.847221,7.462263,8.441346,0.8585505,0.79297197,10499
1,3,6022,3354,3261,2507,212,686,-0.874654033,-0.283503297,9.29797,9.516256,10.181369,11.038111,0.8112831,0.7980287,16042
1,3,2838,3086,4329,3838,825,1060,-0.722420151,-0.234147901,12.579099,9.305161,8.941589,9.853715,0.7988479,0.79294914,15976
2,2,3996,11103,12469,902,5952,741,0.902539163,-0.922564297,4.939951,6.514802,3.6168983,1.9810236,0.8668863,0.8412146,35163
1,2,21273,2013,6550,909,811,1854,-0.566085808,0.263611505,10.445309,6.110277,4.567878,8.200346,0.8625161,0.8249967,33410
2,2,7588,1897,5234,417,2208,254,-0.686933891,-0.712621341,8.0141325,8.548225,10.557535,10.910803,0.8265418,0.76648563,17598
1,2,19087,1304,3643,3045,710,898,-0.876813375,0.312554907,11.259039,6.5727544,8.029704,12.846616,0.8072387,0.7943823,28687
2,2,8090,3199,6986,1455,3712,531,-0.273366118,-0.604091325,7.5769176,8.174938,12.240278,9.872127,0.7796779,0.75436056,23973
2,2,6758,4560,9965,934,4538,1037,0.138867226,-0.709622159,6.14413,7.4826484,7.82411,5.50783,0.8050212,0.78049606,27792
1,2,444,879,2060,264,290,259,-1.202279439,-0.889406902,8.766752,11.04565,11.466986,12.141083,0.870444,0.79967904,4196
2,2,16448,6243,6360,824,2662,2005,-0.055602135,0.029731887,8.209306,6.60176,5.0196877,7.5690627,0.81942344,0.76594603,34542
2,2,5283,13316,20399,1809,8752,172,1.836369817,-1.103430308,4.08075,5.524691,4.4672527,0.3126806,0.857835,0.81510663,49731
2,2,2886,5302,9785,364,6236,555,0.316649317,-1.10942154,5.17727,7.4223666,8.552305,5.2034097,0.8099215,0.8111047,25128
2,2,2599,3688,13829,492,10069,59,0.842238507,-1.479928623,4.506813,7.1129303,12.727486,5.4685354,0.7982922,0.7991184,30736
2,2,161,7460,24773,617,11783,2410,2.187048463,-1.362974912,3.5802176,5.6888256,9.224796,1.0518532,0.8485607,0.9031997,47204
2,2,243,12939,8852,799,3909,211,0.52160581,-1.001383741,5.3338847,6.6490765,2.5910695,2.2220078,0.9297188,0.91936034,26953
2,2,6468,12867,21570,1840,7558,1543,1.862461087,-0.763698127,4.2344885,5.651283,4.470686,0.5471292,0.8078884,0.80931175,51846
1,2,17327,2374,2842,1149,351,925,-0.91153529,0.048468652,10.732341,7.2030215,8.033595,11.883284,0.8508695,0.82048655,24968
1,2,6987,1020,3007,416,257,656,-1.079002203,-0.536968069,9.813419,9.370134,10.462692,11.230077,0.8597996,0.803329,12343
2,2,918,20655,13567,1465,6846,806,1.780084592,-0.925637422,4.3957195,5.523473,3.36918,1.3634224,0.9876477,0.8788412,44257
1,2,7034,1492,2405,12569,299,1117,-0.906850999,1.091841455,14.811374,7.5192456,9.8298435,10.876529,0.88133,0.841982,24916
1,2,29635,2335,8280,3046,371,117,-0.589795623,0.572124386,10.78342,5.389974,7.6531863,17.087818,0.78108454,0.7782114,43784
2,2,2137,3737,19172,1274,17120,142,1.998210958,-1.84536209,3.423457,5.6631317,17.286087,3.1244624,0.8034575,0.81984425,43582
1,2,9784,925,2405,4447,183,297,-1.110934536,0.035961405,11.930623,8.818218,12.395956,13.043677,0.8417957,0.80634016,18041
1,2,10617,1795,7647,1483,857,1233,-0.594900684,-0.242308719,10.736672,8.583621,7.6120925,8.161852,0.8243039,0.7876271,23632
2,2,1479,14982,11924,662,3891,3508,1.151880798,-0.400124625,5.864204,6.6113596,1.6476564,1.5420753,0.9340054,0.86005205,36446
1,2,7127,1375,2201,2679,83,1059,-1.062040246,-0.147977797,11.481183,9.270916,9.279945,10.132649,0.82344246,0.79705304,14524
1,2,1182,3088,6114,978,821,1637,-0.598679594,-0.587835014,8.377876,9.948576,6.5103183,7.3663216,0.85670507,0.80593985,13820
1,2,11800,2713,3558,2121,706,51,-0.887538721,-0.242637009,10.414285,8.494095,12.827034,13.843855,0.82692707,0.81775314,20949
2,2,9759,25071,17645,1128,12408,1625,3.094986438,-0.763082815,3.49985,4.871561,3.866326,0,0.9028473,0.83946556,67636
1,2,1774,3696,2280,514,275,834,-0.924364322,-0.670191795,8.193642,9.931798,9.411648,10.291477,0.8506024,0.79623926,9373
1,2,9155,1897,5167,2714,228,1113,-0.813720429,-0.096678768,11.045764,8.721149,8.714877,9.450982,0.81671,0.79325706,20274
1,2,15881,713,3315,3703,1470,229,-0.915974969,0.099425547,11.372267,6.6727247,11.24306,15.172415,0.78883296,0.7623847,25311
1,2,13360,944,11593,915,1679,573,-0.377283971,-0.431798936,7.9065046,7.6970477,6.9056134,6.5252314,0.83200043,0.78244627,29064
1,2,25977,3587,2464,2369,140,1092,-0.81222987,0.624446567,10.85228,5.6532927,5.473778,12.081947,0.85271144,0.8120439,35629
1,2,32717,16784,13626,60869,1272,5609,2.014355965,9.005487324,14.637597,7.084696,0,0,1.0488254,1.0632037,130877
1,2,4414,1610,1431,3498,387,834,-1.077057569,-0.200176615,12.179983,9.371213,10.425129,11.242074,0.80686784,0.8017942,12174
1,2,542,899,1664,414,88,522,-1.223102255,-0.802181462,8.853646,10.951229,11.044464,11.770009,0.86804616,0.80211663,4129
1,2,16933,2209,3389,7849,210,1534,-0.783446916,0.982880053,14.002169,7.4891853,6.4229093,9.660086,0.8231738,0.82908463,32124
1,2,5113,1486,4583,5127,492,739,-0.870602565,-0.038155956,12.788281,9.162976,10.374425,11.009831,0.81602025,0.7895968,17540
1,2,9790,1786,5109,3570,182,1043,-0.825754986,0.027340221,11.287297,8.782477,9.164387,9.891212,0.81453025,0.79692566,21480
2,2,11223,14881,26839,1234,9606,1102,2.539662858,-0.888441684,3.6099856,5.252587,4.598654,0,0.8647251,0.81294996,64885
1,2,22321,3216,1447,2208,178,2602,-0.778150665,0.731076631,10.401354,6.1746635,3.5705073,6.904387,0.9069027,0.8303908,31972
2,2,8565,4980,67298,131,38102,1215,7.548581007,-3.379888995,3.0154514,4.785219,15.111607,0,1.0129037,0.9830612,120291
2,2,16823,928,2743,11559,332,3486,-0.69241961,1.784308149,14.242818,7.215233,0,3.332939,0.8394717,0.85258126,35871
2,2,27082,6817,10790,1365,4111,2139,0.477742111,0.426951897,8.27248,6.0069385,3.3885,7.7059073,0.7913207,0.72589314,52304
1,2,13970,1511,1330,650,146,778,-1.120873971,-0.156515644,10.773451,7.7633433,9.760082,12.228268,0.8610478,0.820917,18385
1,2,9351,1347,2611,8170,442,868,-0.949081923,0.577097803,13.885984,8.199353,9.986403,10.960898,0.85139394,0.81796867,22789
1,2,3,333,7021,15601,15,550,-0.785502943,1.009840107,14.866702,7.466067,9.801851,10.399642,0.9706985,0.86162126,23523
1,2,2617,1188,5332,9584,573,1942,-0.692820719,0.615478483,14.011464,8.2669935,5.992106,7.131961,0.8505647,0.8031637,21236
2,3,381,4025,9670,388,7271,1371,0.398226206,-1.13312701,5.1001334,7.388216,11.176432,5.9476495,0.8026556,0.818899,23106
2,3,2320,5763,11238,767,5162,2158,0.459527357,-0.754948411,5.5314503,7.339625,7.4607563,4.8653173,0.82550234,0.8318064,27408
1,3,255,5758,5923,349,4595,1328,-0.015197864,-0.930373046,6.3060994,8.070966,13.654394,9.899688,0.8438786,0.8355759,18208
2,3,1689,6964,26316,1456,15469,37,2.473714457,-1.844994745,3.5032313,5.572129,10.977751,0.26728156,0.86847854,0.8633975,51931
1,3,3043,1172,1763,2234,217,379,-1.166935212,-0.499191067,9.498708,10.153857,11.85863,12.604921,0.829828,0.812743,8808
1,3,1198,2602,8335,402,3843,303,-0.274738651,-1.100175951,6.657872,8.3363085,9.394386,7.20214,0.8373704,0.7958288,16683
2,3,2771,6939,15541,2693,6600,1115,0.904513925,-0.810025659,4.6897316,7.00159,6.416168,2.8585443,0.8024417,0.820505,35659
2,3,27380,7184,12311,2809,4621,1022,0.574092826,0.374897709,8.185106,6.0350385,5.036244,11.760564,0.7385593,0.68028337,55327
1,3,3428,2380,2028,1341,1184,665,-0.932910011,-0.586754725,8.86898,9.9920435,10.555632,11.445883,0.81491244,0.7810489,11026
2,3,5981,14641,20521,2005,12218,445,2.369619648,-1.173370953,3.5319524,5.393325,4.479674,0,0.84807825,0.80565923,55811
1,3,3521,1099,1997,1796,173,995,-1.111741726,-0.426235749,9.203978,10.177585,9.528787,10.325761,0.834582,0.8020482,9581
2,3,1210,10044,22294,1741,12638,3137,2.404948772,-1.025837243,3.6011684,5.639284,7.2900515,0.6032778,0.823863,0.862699,51064
1,3,608,1106,1533,830,90,195,-1.239812245,-0.80126964,8.8363495,11.085827,11.928498,12.622875,0.86146957,0.80390596,4362
2,3,117,6264,21203,228,8682,1111,1.404582482,-1.438721438,4.0078235,6.285262,8.84302,1.8259232,0.85430264,0.8847096,37605
1,3,14039,7393,2548,6386,1333,2341,-0.276091522,0.833205425,13.654583,7.610269,5.0112123,6.943984,0.7998394,0.77718735,34040
1,3,190,727,2012,245,184,127,-1.241375559,-0.921339076,8.796432,11.079659,11.559884,12.188011,0.8786498,0.8063624,3485
1,3,22686,134,218,3157,9,548,-1.270589434,0.491508546,11.144507,6.1397157,8.460376,15.240741,0.83775795,0.79808253,26752
2,3,37,1275,22272,137,6747,110,0.788389247,-1.601741925,4.2664285,6.684466,11.403571,3.497657,0.9319635,0.8451822,30578
1,3,759,18664,1660,6114,536,4100,0.518669809,0.742329532,6.301785,6.520115,0.3855872,1.1581776,0.87260354,0.84247816,31833
1,3,796,5878,2109,340,232,776,-0.788683019,-0.713825725,7.8074617,9.7049265,7.9795895,8.781593,0.8773176,0.84780526,10131
1,3,19746,2872,2006,2601,468,503,-0.925963818,0.269274662,11.220509,6.387786,9.217511,14.740983,0.82687914,0.797801,28196
1,3,4734,607,864,1206,159,405,-1.273071806,-0.542888464,9.872512,10.100235,11.74963,12.584744,0.8465553,0.8167375,7975
1,3,2121,1601,2453,560,179,712,-1.088887411,-0.692881624,8.716615,10.640182,10.193441,10.955924,0.85891336,0.7965698,7626
1,3,4627,997,4438,191,1335,314,-0.909769924,-0.805227658,9.112313,9.604839,10.688448,11.302139,0.8537423,0.78164124,11902
1,3,2615,873,1524,1103,514,468,-1.174949183,-0.65933119,9.130548,10.648895,11.506156,12.275675,0.84393793,0.8001418,7097
2,3,4692,6128,8025,1619,4515,3105,0.316562434,-0.290672596,6.178743,7.286418,9.882532,7.0263944,0.7890445,0.7767028,28084
1,3,9561,2217,1664,1173,222,447,-1.078199299,-0.335334961,10.118473,9.00022,11.397352,12.339136,0.83073604,0.8128672,15284
1,3,3477,894,534,1457,252,342,-1.268452896,-0.571722105,9.4981985,10.326155,12.078659,12.909498,0.83871084,0.81762767,6956
1,3,22335,1196,2406,2046,101,558,-1.059979067,0.311956002,11.002194,6.0375757,8.44624,14.999538,0.83231145,0.8021669,28642
1,3,6211,337,683,1089,41,296,-1.323519867,-0.509360105,10.17075,9.905559,12.206085,13.021857,0.85139006,0.82199335,8657
2,3,39679,3944,4955,1364,523,2235,-0.452889515,1.220119941,10.739825,4.673305,3.3816524,7.5130725,0.8540227,0.8209026,52700
1,3,20105,1887,1939,8164,716,790,-0.889038047,1.013540332,14.084724,7.330872,7.6870956,12.902155,0.82236874,0.79576975,33601
1,3,3884,3801,1641,876,397,4829,-0.577868301,0.183178545,8.838419,7.4858556,2.528352,3.7664638,0.9420844,0.8402334,15428
2,3,15076,6257,7398,1504,1916,3113,0.023172431,0.280604104,8.4807825,6.6318903,4.0018587,5.998243,0.8677455,0.8060771,35264
1,3,6338,2256,1668,1492,311,686,-1.051292391,-0.391423615,9.8249235,9.485193,10.443598,11.386588,0.82726514,0.80296934,12751
1,3,5841,1450,1162,597,476,70,-1.188278032,-0.645424256,10.057942,9.740356,12.833909,13.693233,0.8481426,0.8136996,9596
2,3,3136,8630,13586,5641,4666,1426,0.747267802,-0.214670768,5.5202465,7.7858725,4.233589,2.9161067,0.80430233,0.754668,37085
1,3,38793,3154,2648,1034,96,1242,-0.795433275,1.013230591,10.807908,4.6242137,5.010301,11.151512,0.8884677,0.8023593,46967
1,3,3225,3294,1902,282,68,1114,-0.973808092,-0.576305743,8.225945,10.003165,8.574802,9.507171,0.866858,0.7989721,9885
2,3,4048,5164,10391,130,813,179,-0.313033096,-0.877909108,7.3429265,8.737365,6.2020006,6.3534603,0.8567518,0.8120589,20725
1,3,28257,944,2146,3881,600,270,-1.022945332,0.71361991,11.004685,5.6110215,7.592003,16.571964,0.799242,0.7993181,36098
1,3,17770,4591,1617,9927,246,532,-0.774978904,1.152671183,14.100969,7.2168975,0,13.207955,0.845012,0.82540745,34683
1,3,34454,7435,8469,2540,1711,2893,0.209313829,1.189424191,9.625134,5.512387,2.6781447,6.1882663,0.83070475,0.8183383,57502
1,3,1821,1364,3450,4006,397,361,-1.016086731,-0.363548311,12.436831,9.365797,11.047889,11.572765,0.8196112,0.8055992,11399
1,3,10683,21858,15400,3635,282,5120,1.661616807,0.865314836,6.170478,6.3180313,0.5061431,1.0186028,0.909594,0.90472245,56978
1,3,11635,922,1614,2583,192,1068,-1.103716863,0.028003049,11.187194,8.416921,8.893463,10.006266,0.8361653,0.7976019,18014
1,3,1206,3620,2857,1945,353,967,-0.860868556,-0.503650254,8.3454075,9.912678,8.993035,9.858697,0.83114696,0.79865265,10948
1,3,20918,1916,1573,1960,231,961,-1.012735574,0.328008413,11.03644,6.188634,7.329562,12.801853,0.8531094,0.80694515,27559
1,3,9785,848,1172,1677,200,406,-1.209526244,-0.276472687,10.652392,8.9991665,11.8095255,12.674778,0.8333567,0.8140222,14088
1,3,9385,1530,1422,3019,227,684,-1.103378735,-0.071858313,11.438384,8.868842,10.742285,11.661237,0.8310958,0.8026041,16267
1,3,3352,1181,1328,5502,311,1000,-1.091616163,0.038595185,12.961399,8.993499,10.162378,10.970071,0.835937,0.7879615,12674
1,3,2647,2761,2313,907,95,1827,-0.917448752,-0.407836739,8.398373,9.934857,6.525458,7.529128,0.8752323,0.8135924,10550
1,3,518,4180,3600,659,122,654,-0.84427383,-0.7432754,7.951239,9.946573,9.742203,10.5032,0.85376036,0.8115819,9733
1,3,23632,6730,3842,8620,385,819,-0.433582019,1.266696199,13.981299,7.1700883,0,12.252262,0.82120687,0.8253459,44028
1,3,12377,865,3204,1398,149,452,-1.080230197,-0.223437031,10.63972,8.054072,11.44408,13.131826,0.84142524,0.8138857,18445
1,3,9602,1316,1263,2921,841,290,-1.093252835,-0.178540442,11.171592,8.921183,12.374597,13.251364,0.82128984,0.81043226,16233
2,3,4515,11991,9345,2644,3378,2213,0.631137682,-0.221757409,6.073153,6.913902,2.0023754,1.9829228,0.8589808,0.81291693,34086
1,3,11535,1666,1428,6838,64,743,-1.058912848,0.520146528,13.64089,8.2371025,10.648674,11.616233,0.84376806,0.8115195,22274
1,3,11442,1032,582,5390,74,247,-1.21565654,0.250277877,13.309204,8.369511,12.697315,13.642332,0.8540689,0.8104049,18767
1,3,9612,577,935,1601,469,375,-1.21716482,-0.312658011,10.627293,9.075424,11.970769,12.847165,0.82984316,0.813293,13569
1,3,4446,906,1238,3576,153,1014,-1.151026459,-0.149219088,12.199867,9.381793,9.8762,10.684142,0.8199363,0.7951499,11333
1,3,27167,2801,2128,13223,92,1902,-0.706258826,2.186278168,14.313517,7.0059433,0,7.575999,0.8853588,0.86942077,47313
1,3,26539,4753,5091,220,10,340,-0.667843798,0.222121069,10.6907425,5.7483163,7.434111,15.701223,0.8867551,0.8374633,36953
1,3,25606,11006,4604,127,632,288,-0.172270951,0.206803631,9.495364,5.846969,6.2519383,14.168441,0.89422494,0.8687324,42263
1,3,18073,4613,3444,4324,914,715,-0.62686972,0.428113305,11.498372,6.5153646,8.756637,13.291576,0.7927246,0.7881607,32083
1,3,6884,1046,1167,2069,593,378,-1.158097729,-0.372053943,10.471358,9.505185,11.906855,12.77019,0.8211232,0.812601,12137
1,3,25066,5010,5026,9806,1092,960,-0.377232055,1.425850389,14.189165,7.0693674,0,11.087092,0.82524586,0.81360084,46960
2,3,7362,12844,18683,2854,7883,553,1.648365634,-0.748964058,4.2066464,5.596044,4.1317515,0.591277,0.8411621,0.786555,50179
2,3,8257,3880,6407,1646,2730,344,-0.385396094,-0.537285035,7.7024775,8.306477,11.30823,10.498582,0.7833102,0.7550988,23264
1,3,8708,3634,6100,2349,2123,5137,-0.060159673,0.462578408,8.756985,7.3788733,2.373239,3.6790197,0.89975274,0.79404664,28051
1,3,6633,2096,4563,1389,1860,1892,-0.601630878,-0.305588187,8.839386,8.488612,6.34012,7.349854,0.8265404,0.7819528,18433
1,3,2126,3289,3281,1535,235,4365,-0.574286264,0.087397313,8.84228,7.594227,2.6469896,3.8733196,0.92413193,0.85233206,14831
1,3,97,3605,12400,98,2970,62,-0.081305541,-1.232104696,6.521525,8.223951,6.9189305,5.7937107,0.8746848,0.82539093,19232
1,3,4983,4859,6633,17866,912,2435,-0.163944207,1.849839409,14.800554,7.368045,0,5.7600365,0.8405808,0.81271446,37688
1,3,5969,1990,3417,5679,1135,290,-0.86131906,-0.023996964,13.157514,8.825719,12.7326565,13.097551,0.8297833,0.8013035,18480
2,3,7842,6046,8552,1691,3540,1874,0.13311445,-0.327081205,6.3459787,7.323524,8.465584,6.657803,0.8031575,0.78194314,29545
2,3,4389,10940,10908,848,6728,993,0.907636238,-0.887244718,4.9590197,6.636148,3.8991146,1.9840076,0.85072505,0.8301414,34806
1,3,5065,5499,11055,364,3485,1063,0.144040622,-0.797320716,6.198128,7.4325,5.582594,4.372585,0.8404637,0.8040621,26531
2,3,660,8494,18622,133,6740,776,1.159521668,-1.319010486,4.339435,6.4649706,5.8207855,1.9523661,0.85398483,0.8595777,35425
1,3,8861,3783,2223,633,1580,1521,-0.685107676,-0.304135946,9.1105,8.492917,7.185941,8.11243,0.829066,0.7860445,18601
1,3,4456,5266,13227,25,6818,1393,0.666808814,-1.021118247,5.0019207,7.2314925,6.7598968,3.880186,0.8128133,0.826481,31185
2,3,17063,4847,9053,1031,3415,1784,0.077016682,-0.055580782,8.2614,6.5212,5.3139286,8.169432,0.80687004,0.74844635,37193
1,3,26400,1377,4172,830,948,1218,-0.7820229,0.376151035,10.793583,5.7216797,5.14068,11.197491,0.8328756,0.79096705,34945
2,3,17565,3686,4657,1059,1803,668,-0.559320317,-0.089880568,10.207667,7.4438868,8.392858,12.659395,0.81787455,0.78532755,29438
2,3,16980,2884,12232,874,3213,249,-0.034865916,-0.413840811,7.900939,7.5265503,6.6900053,5.537588,0.7787311,0.7154163,36432
1,3,11243,2408,2593,15348,108,1886,-0.738136321,1.773375845,14.777345,7.3486814,0,7.4436707,0.8743441,0.85386884,33586
1,3,13134,9347,14316,3141,5079,1894,0.941276361,-0.053510734,5.1547885,5.93463,4.0472164,2.652292,0.7892829,0.7625369,46911
1,3,31012,16687,5429,15082,439,1163,0.529384578,2.53628437,14.373878,6.8604846,0,10.863315,0.814316,0.8959969,69812
1,3,3047,5970,4910,2198,850,317,-0.553025671,-0.542887569,7.9313593,9.447274,8.216258,8.868124,0.8163246,0.81362265,17292
1,3,8607,1750,3580,47,84,2501,-0.845501488,-0.176851882,9.202286,8.092865,5.153768,6.466949,0.9016389,0.82763374,16569
1,3,3097,4230,16483,575,241,2080,0.093055772,-0.5949267,6.477903,7.5663757,6.202073,5.547877,0.92718863,0.8792733,26706
1,3,8533,5506,5160,13486,1377,1498,-0.269326464,1.283388455,14.738728,7.3619757,0,9.179564,0.8300988,0.80550694,35560
1,3,21117,1162,4754,269,1328,395,-0.815140688,-0.094404594,10.667081,6.2219934,8.6860895,14.788822,0.8229011,0.7708393,29025
1,3,1982,3218,1493,1541,356,1449,-0.932563125,-0.419577799,8.320745,9.900709,7.9391556,8.952119,0.8446417,0.80286133,10039
1,3,16731,3922,7994,688,2371,838,-0.264539112,-0.22020743,8.002322,7.4111276,7.3613095,10.723022,0.8129953,0.75842434,32544
1,3,29703,12051,16027,13135,182,2204,0.87060246,2.22084524,14.255222,6.836552,0,6.6361074,0.8271338,0.92096615,73302
1,3,39228,1431,764,4510,93,2346,-0.902520061,1.676915567,11.027222,4.763806,2.072176,6.3048353,0.85494804,0.83570933,48372
2,3,14531,15488,30243,437,14841,1867,3.465703618,-1.039838005,3.283671,5.086579,3.344601,0,0.8031268,0.7736646,77407
1,3,10290,1981,2232,1038,168,2125,-0.918022733,-0.030046591,9.342429,8.112897,5.691456,6.877847,0.86754715,0.8043515,17834
1,3,2787,1698,2510,65,477,52,-1.10513709,-0.861337874,8.772826,10.847265,11.467354,12.168182,0.8658347,0.7949089,7589
